r,ae,uc,bfd,stu,gm,bfd-lm,co15,co24
1.3,-0.0100201,-0.0094084,-0.0156563,-0.0115757,-0.0142733,-0.0157484,-0.0152488,-0.0144546
1.4,-0.0914338,-0.0910536,-0.0949761,-0.0912566,-0.094704,-0.09545,-0.0951037,-0.0947785
1.5,-0.1294959,-0.1293055,-0.1313948,-0.1280928,-0.1319563,-0.1319753,-0.1318453,-0.1319263
1.6,-0.1407382,-0.140736,-0.1412907,-0.1384656,-0.1425483,-0.1418518,-0.1420178,-0.1424226
1.7,-0.1355972,-0.13575,-0.135071,-0.1327047,-0.136871,-0.1355752,-0.1360068,-0.1366686
1.8,-0.1209912,-0.1212334,-0.119747,-0.1177913,-0.1218263,-0.1201778,-0.1207491,-0.1215709
1.9,-0.1209912,-0.1212334,-0.119747,-0.1177913,-0.1218263,-0.1201778,-0.1207491,-0.1215709
