r,ae,uc,bfd-bfd,stu-stu,gm12-spectra,bfd-lm,stu-lm,ni222
1.2,0.1167223,0.1178801,0.1117923,0.1109879,0.1103349,0.1124059,0.1134401,0.1173217
1.3,-0.0288104,-0.0279479,-0.0318498,-0.0318967,-0.0337947,-0.0320516,-0.0308012,-0.0288483
1.4,-0.1070309,-0.1063898,-0.1086282,-0.108529,-0.1108863,-0.1091376,-0.10832,-0.1074243
1.5,-0.1439059,-0.1434976,-0.1442491,-0.1444691,-0.146914,-0.1448227,-0.1448206,-0.1445208
1.6,-0.1557791,-0.1556023,-0.1548668,-0.1557631,-0.1581672,-0.155403,-0.1564701,-0.1565198
1.7,-0.152702,-0.1527434,-0.1503313,-0.1521753,-0.1546094,-0.1508076,-0.1531426,-0.1534445
1.8,-0.1401069,-0.1403603,-0.1360181,-0.1389823,-0.1415483,-0.1364381,-0.140147,-0.1407098
